,Provider_A (MSCI-style),Provider_B (Sustainalytics-style),Provider_C (S&P-style),Provider_D (Refinitiv-style)
Provider_A (MSCI-style),1.0,0.395673605847531,0.5456396566410445,0.4856942511262615
Provider_B (Sustainalytics-style),0.395673605847531,1.0,0.434712162481501,0.39602873734479127
Provider_C (S&P-style),0.5456396566410445,0.434712162481501,1.0,0.5612645946006918
Provider_D (Refinitiv-style),0.4856942511262615,0.39602873734479127,0.5612645946006918,1.0
