sector,esg_std,esg_range
Industrials,17.59646006379054,39.805
Financials,16.548325196217682,36.77368421052632
Telecom,16.064857091114497,36.373684210526314
Utilities,15.88181865191775,35.823076923076925
Healthcare,14.956577474897752,33.483333333333334
Energy,14.803307110821455,32.5
Real Estate,14.38297109376919,32.65
Consumer,14.280790964692756,32.37333333333333
Materials,14.083718270941244,31.25217391304348
Technology,14.081025572869299,31.786956521739132
